,Vmag,Plx,e_Plx,B-V,SpType,Amag,TargetClass
0,9.1,3.54,1.39,0.482,F5,16.84501631012894,9
1,9.27,21.9,3.1,0.999,K3V,20.97222057420059,0
2,6.61,2.81,0.63,-0.019,B9,13.8535315995254,9
3,8.06,7.75,0.97,0.37,F0V,17.506508512531553,0
4,8.55,2.87,1.11,0.902,G8III,15.839409483669964,1
5,12.31,18.8,4.99,1.336,M0V:,23.6807892463184,0
6,9.64,17.74,1.3,0.74,G0,20.88476807747854,9
7,9.05,5.17,1.95,1.102,M6e-M8.5e Tc,17.617452715469714,9
8,8.59,4.81,0.99,1.067,G5,17.00072538186916,9
9,7.34,4.29,0.84,0.081,A2,15.50228646092362,9
10,8.43,4.06,1.16,1.484,K4III,16.47263016788597,1
11,8.8,3.49,1.48,1.128,K0III,16.5141271347959,1
12,7.25,5.11,0.99,1.2,K0,15.792104500673563,9
13,8.6,2.45,1.16,1.166,K2,15.545830421822664,9
14,8.15,6.15,1.0,0.425,F3V,17.094375578877084,0
15,11.03,19.93,2.36,1.567,K5,22.52753649350244,9
16,6.53,4.12,0.64,0.955,G5,14.604486080165676,9
17,8.51,10.76,1.06,0.516,G0,18.66906135665185,9
18,7.55,5.84,0.95,1.438,K2,16.382064235561998,9
19,8.69,4.47,1.15,0.962,G8/K0III/IV,16.941537615659684,1
20,7.57,12.21,0.95,0.456,F2V,18.00357831972441,0
21,6.28,13.74,0.98,0.763,G3IV,16.969933663617656,1
22,9.13,9.19,1.34,0.535,F7V,18.94657755693056,0
23,9.32,9.66,1.38,0.671,G5V,19.24488563207747,0
24,8.83,5.64,1.05,0.468,F3/F5V,17.586395519916714,0
25,9.14,2.85,1.4,1.041,G8III,16.41422430004255,1
26,8.26,3.79,0.88,0.142,A0,16.15319604984036,9
27,7.63,1.84,1.05,1.453,K2,13.954089115047683,9
28,9.09,3.1,1.29,0.04,B8,16.546808469171363,9
29,8.1,8.94,1.09,0.466,F2,17.856687593979586,9
30,6.43,12.71,0.74,0.514,F7.5IV-V,16.950727752770042,1
31,9.07,5.96,1.45,0.916,G8/K0III/IV,17.946231298701182,1
32,7.68,6.3,0.96,1.15,K0,16.67670274726791,9
33,10.44,3.74,2.72,0.391,F0V,18.3043580110024,0
34,8.65,23.84,0.78,0.778,G6V,20.536531255341,0
35,7.46,10.98,1.18,0.475,F3V,17.663011700570365,0
36,8.7,3.42,1.04,0.026,A0,16.370130530280676,9
37,10.61,-3.4,4.25,0.57,B...,18.267394585211274,9
38,8.2,6.38,0.91,0.387,F2,17.22410339360581,9
39,6.18,7.63,0.6,1.032,G9III-IV,15.592622689774402,1
40,7.91,2.41,1.01,1.104,K2,14.820085212874345,9
41,8.57,1.19,1.2,1.035,K1III,13.947734806962654,1
42,10.78,24.45,1.97,1.15,K3V,22.721394317298195,0
43,7.31,1.86,0.87,1.164,K0/K1III,13.657564721089582,1
44,9.53,1.59,1.28,0.45,F5,15.536985621602255,9
45,6.49,16.89,0.8,0.616,G1IV,17.628148247855044,1
46,8.94,0.41,1.3,0.906,K0,12.003919283598677,9
47,8.56,3.95,0.77,0.196,A4V,16.5429854781323,0
48,10.57,20.97,1.71,1.03,M:,22.17799215232672,9
49,7.4,14.66,0.98,0.551,G2IV/V,18.230669851525548,1
50,8.12,3.47,1.27,1.329,K0,15.821647373954368,9
51,8.27,33.89,0.79,0.863,K2V,20.92035784418689,0
52,7.05,26.06,0.67,0.52,G0,19.12987205688283,9
53,8.34,6.18,0.83,0.386,F2IV,17.29494237544408,1
54,8.86,5.6,1.11,1.081,K5,17.600940135031003,9
55,8.08,3.45,0.94,1.156,K2III,15.76909547536637,1
56,7.83,7.48,0.93,0.495,F5,17.199507989322306,9
57,8.79,31.8,1.17,0.94,K0,21.302135599922163,9
58,8.33,6.35,1.12,0.135,A0,17.34386862645988,9
59,8.97,10.63,1.25,0.671,G3/G5V,19.10266632261649,0
60,6.9,3.97,0.69,1.446,K2,14.893952533815575,9
61,9.93,24.22,1.36,1.068,K5,21.85087069403517,9
62,7.42,1.6,0.79,1.524,K4III,13.440599913279623,1
63,9.03,2.29,1.19,1.67,M0,15.82917741169944,9
64,8.41,3.53,1.12,0.022,A0V,16.148873526939113,0
65,8.4,15.59,1.43,0.566,G2V,19.36423057594421,0
66,9.5,1.82,1.37,1.107,G5,15.800356939925374,9
67,8.85,2.28,1.3,1.726,M0,15.639674235002268,9
68,9.61,18.9,1.33,0.852,K0,20.99230902086622,9
69,10.62,3.9,2.06,0.359,A2,18.57532303513249,9
70,7.8,4.52,1.08,0.43,F5,16.07569217405691,9
71,5.71,5.97,0.7,0.911,G8III,14.589871655646846,1
72,7.87,2.6,0.96,1.566,K2,14.94486673985409,9
73,7.64,9.35,0.92,0.5,F5IV/V,17.49405805436259,1
74,7.66,4.21,1.23,1.3,K0,15.78141047917834,9
75,8.68,4.77,1.44,0.944,G8III,17.072591895200567,1
76,10.1,10.48,1.48,0.644,G2,20.201806413238536,9
77,8.67,7.85,1.17,0.513,F5V,18.144348283726263,0
78,10.46,19.83,5.16,1.36,M0,21.94661357102651,9
79,9.87,6.49,1.44,0.551,F6/F7V,18.931223484001848,0
80,9.48,5.52,1.74,0.53,F5V,18.189695388645998,0
81,7.04,1.27,0.7,2.835,C5p,12.559018604779784,9
82,8.44,4.49,1.08,0.898,G0,16.701231705016617,9
83,9.88,7.35,1.74,0.509,F5IV/V,19.21143669542097,1
84,8.29,9.15,0.76,0.538,F6V,18.09710547033224,0
85,9.34,8.16,1.21,0.543,F7V,18.898450793769307,0
86,7.73,4.44,0.75,0.455,F0,15.9669148505731,9
87,6.22,4.5,0.73,0.97,G7II-III,14.48606256887672,1
88,8.53,0.3,0.86,1.315,K3II/III,10.91560627359831,1
89,7.23,5.33,0.94,0.388,F0,15.863636045132862,9
90,8.61,20.42,1.91,0.787,G5,20.16027868875446,9
91,11.28,27.11,2.33,1.308,M2,23.445647587902428,9
92,10.76,31.35,4.17,1.384,M1.5V:,23.24118772583368,0
93,8.93,0.27,1.09,0.021,A0,11.086818820794935,9
94,7.95,9.93,1.95,0.654,G0IV,17.934746242476905,1
95,9.2,12.08,1.33,0.606,G0,19.61033467142556,9
96,6.82,7.49,0.83,1.071,K0,16.19240908849733,9
97,6.83,3.66,0.83,1.197,K2III,14.647405426972052,1
98,4.78,14.77,0.47,1.254,K2III,15.62690247655975,1
99,7.21,5.07,0.7,1.169,K0,15.73503979666668,9
100,5.58,0.86,0.56,0.407,F0III,10.252492256217838,1
101,6.5,15.2,0.63,0.182,Am...,17.409217939723863,9
102,8.13,8.11,0.83,0.2,A4V,17.67510427105578,0
103,6.62,3.51,0.79,0.545,F5IV,14.34653558232912,1
104,9.96,1.3,1.71,0.264,A0,15.529716761534186,9
105,8.64,20.1,1.22,0.62,G5,20.155980287102444,9
106,10.03,1.62,1.45,1.289,B0,16.077575072713152,9
107,9.04,8.98,0.93,0.546,F7V,18.80638168333652,0
108,8.47,5.61,1.1,1.35,K5,17.214814306280807,9
109,7.33,16.04,0.69,0.73,K0,18.356021819740725,9
110,8.66,3.57,0.75,1.364,K5,16.423341080560967,9
111,10.35,20.05,1.64,1.033,K3,21.860571884781,9
112,5.13,7.98,0.71,-0.128,B7III-IV,14.640014456753647,1
113,8.96,4.39,1.29,0.306,A9V,17.17232260121061,0
114,8.49,-0.13,1.19,1.569,K5,9.059716761534183,9
115,11.26,22.92,2.17,0.932,K3,23.06107306647676,9
116,10.02,5.1,1.42,0.456,F5,18.55785088048968,9
117,8.9,5.54,1.23,0.459,F8,17.61754882364215,9
118,7.78,7.56,1.37,0.411,F3IV...,17.172608977506034,1
119,4.37,7.86,0.94,1.631,M3III,13.84711273019704,1
120,7.09,7.03,0.89,0.999,K0III,16.32477662509912,1
121,6.93,16.92,0.81,0.292,A3,18.072001793515025,9
122,8.98,2.38,1.09,1.5,K5,15.86288478528256,9
123,9.84,2.71,1.33,0.696,G0,17.00484645437203,9
124,7.98,4.41,0.82,0.97,G9III,16.202192947339192,1
125,10.16,-0.59,1.74,0.45,Ap...,14.014260058210722,9
126,8.58,3.5,0.9,0.06,B9,16.300340221751377,9
127,9.56,1.95,1.34,1.113,R...,16.01017305681259,9
128,9.24,63.03,1.98,1.39,M0V,23.237736535628077,0
129,5.8,80.63,3.03,0.69,G3V,20.332483298996763,0
130,8.45,1.31,1.03,0.248,A2,14.03635647827882,9
131,7.84,3.98,0.87,0.923,G5,15.839415360368438,9
132,7.97,9.02,2.5,0.556,F7V,17.746032687709707,0
133,6.77,2.51,0.64,1.832,M0,13.76836860740519,9
134,5.04,6.4,0.87,-0.15,B4V,14.070899869919437,0
135,8.48,29.75,1.21,0.888,K0,20.84743485032284,9
136,6.33,7.55,0.82,0.182,A6V,15.71973475814594,0
137,8.99,6.69,1.38,0.5,G0,18.11713058883912,9
138,9.55,2.49,1.41,0.237,A3,16.53099673547868,9
139,8.74,10.47,1.17,0.57,G0,18.83973340839421,9
140,12.43,22.98,4.38,1.49,M3,24.23675012176133,9
141,8.16,3.31,1.11,1.032,G5,15.759139968878594,9
142,5.7,26.53,0.77,0.315,F0V,17.818686249911647,0
143,7.62,8.08,1.0,0.517,F8,17.15705680387293,9
144,8.95,0.98,1.18,1.677,K5,13.906130378462477,9
145,7.24,4.07,0.88,0.074,A0,15.2879720461261,9
146,10.32,3.17,1.67,0.323,F2,17.825296311088756,9
147,8.24,10.06,0.99,0.474,F5,18.25298990359954,9
148,9.18,2.16,1.59,0.981,K0III,15.852268755754654,1
149,8.54,8.84,1.25,0.384,F2,18.272261325065365,9
150,9.41,2.46,1.07,0.967,G6/G8III,16.364675535516895,1
151,5.87,1.57,1.67,1.073,G8III,11.849498262046168,1
152,7.2,-0.69,9.62,0.085,A2V,11.394245453686278,0
153,9.52,3.88,1.36,0.832,G8,17.464158627971038,9
154,7.7,7.8,0.95,1.003,G5,17.160473013452403,9
155,8.17,3.36,0.99,0.29,A3,15.80169638694922,9
156,7.29,2.73,0.63,0.118,A0,14.47081323520378,9
157,7.94,3.21,0.89,0.016,A0,15.47252516202436,9
158,8.42,4.14,1.05,1.005,G8III,16.505001705604496,1
159,7.52,6.27,0.81,0.18,A0,16.50633770415358,9
160,7.74,7.68,1.11,0.483,F2,17.166806100157558,9
161,9.01,1.25,1.47,1.01,K0,14.494550065040285,9
162,7.17,21.58,1.65,0.617,G0,18.84025720173446,9
163,10.3,0.63,1.67,0.254,F0/F2V,14.29670274726791,0
164,9.58,4.59,1.21,0.5,F6/F7IV,17.889063427686306,1
165,8.09,2.96,1.08,1.26,K0,15.446458555294694,9
166,9.0,6.32,1.32,0.903,G8IV,18.003585391411924,1
167,8.76,2.37,1.28,1.01,K0,15.63374173005052,9
168,7.76,7.41,0.93,0.967,G8IV,17.10909103989664,1
169,7.82,4.11,0.8,1.041,K0III,15.889209109380346,1
170,9.73,18.29,1.56,0.99,K3,21.041068527382084,9
171,9.19,6.08,1.68,0.346,F0,18.109517896363677,9
172,8.75,13.24,1.03,0.552,F8,19.35943992551841,9
173,8.14,5.19,1.99,0.88,K0,16.71583678924229,9
174,6.46,6.78,0.88,1.176,K1III,15.616148469335318,1
175,7.96,11.84,1.16,0.421,F2/F3V,18.326758511934507,0
176,8.87,3.15,1.18,0.081,A0V,16.361552768948002,0
177,6.59,6.28,0.78,1.122,K0,15.57979821868598,9
178,9.15,8.21,2.41,0.424,F3V,18.721715785597205,0
179,12.04,32.93,3.49,1.473,M1,24.62795865355954,9
180,9.06,1.06,0.94,1.688,K5III:,14.186529326323852,1
181,8.18,0.24,1.01,1.462,K5,10.08105620855803,9
182,8.77,3.82,1.02,1.125,G5,16.680316814558545,9
183,7.36,4.7,0.63,0.146,A2,15.72048928967859,9
184,8.82,1.39,1.31,0.979,G8/K0III,14.535074001270477,1
185,6.24,0.93,0.57,0.332,B3Ia,11.082414742769677,1
186,9.44,5.68,4.61,0.439,F3V,18.211741678555093,0
187,7.49,15.55,0.95,0.636,G0,18.44865196681428,9
188,6.96,15.84,0.81,0.353,F2V,17.958775886267375,0
189,7.45,4.99,0.99,0.353,A5,15.94050272811695,9
190,9.23,0.11,0.93,1.006,K0,9.436963425791124,9
191,8.21,1.46,1.04,-0.123,Ap...,14.031764278922186,9
192,8.11,2.92,0.79,-0.019,A0,15.43691425724209,9
193,7.89,8.63,1.11,0.401,F0,17.57005397857605,9
194,9.67,2.83,1.45,0.397,F0V,16.92893217762145,0
195,6.8,6.42,0.75,0.06,A2,15.837675140344269,9
196,4.55,14.31,0.92,-0.047,B9IVn,15.32819816879888,1
197,11.55,16.27,2.71,1.26,M0,22.606937764684297,9
198,8.01,10.62,1.46,0.406,F3/F5V,18.14062258372725,0
199,9.62,6.67,0.97,0.657,F8V,18.740629169582743,0
200,7.26,5.48,1.25,0.355,F0,15.953902792421845,9
201,9.45,2.07,1.37,1.115,G8/K0IV,16.029851727284587,1
202,8.19,1.2,0.84,0.26,O8e,13.585906230238123,9
203,7.65,3.93,0.97,0.992,G8IV,15.621962751877131,1
204,9.83,9.2,1.5,0.699,G5,19.648939136727776,9
205,5.9,0.89,0.58,0.274,A1III,10.646950033224565,1
206,10.8,1.88,2.21,0.882,Gp,17.1707892463184,9
207,8.88,5.57,1.09,0.253,A0,17.609275975868645,9
208,7.59,1.47,0.77,1.68,K5,13.42658667374088,9
209,9.6,11.87,1.49,0.75,G5,19.972253594772955,9
210,10.66,-1.21,1.79,1.45,B,16.07392685158225,9
211,5.78,11.29,0.92,1.084,K0III,16.04346970962484,1
212,7.77,4.1,1.06,-0.058,B8/B9V,15.833919283598677,0
213,9.8,22.52,1.48,0.855,K0V,21.562841930896543,0
214,9.22,3.01,1.4,1.001,K0,16.612832477969217,9
215,4.99,2.03,0.93,1.619,K3Ibvar,11.527480189566065,1
216,8.73,3.4,0.93,1.036,K0III,16.387394585211275,1
217,6.11,1.94,1.12,0.159,B9III,12.549008649651132,1
218,10.82,0.81,2.56,1.021,M5,15.362425094393249,9
219,7.02,6.13,1.59,1.1,K0,15.957302372592077,9
220,8.37,4.04,1.18,0.881,K0,16.401906825553024,9
221,5.59,5.7,0.53,-0.1,B8III,14.369374278362455,1
222,7.37,11.46,0.84,0.422,F5IV,17.665923088156855,1
223,5.68,10.3,0.58,1.051,K1III,15.74418612352586,1
224,9.39,9.37,2.81,0.735,G5,19.24869795443889,9
225,8.46,1.61,0.92,0.556,F2,14.49412938015925,9
226,8.28,5.65,1.16,0.002,A0IV,17.040242239097193,1
227,9.21,3.05,1.34,0.964,K0,16.63149919673393,9
228,6.09,27.18,4.3,0.632,G2V,18.261247261982376,0
229,7.47,14.53,1.21,0.55,F8V,18.28132807149011,0
230,8.63,1.67,1.1,1.57,M0,14.743582355737916,9
231,8.84,8.73,1.17,0.759,G5,18.54507121852785,9
232,6.32,6.95,0.81,1.099,G9III:,15.52992402295057,1
233,7.53,23.9,0.85,0.577,G0V,19.42198950474069,0
234,7.41,2.53,0.69,1.288,K0,14.42560260587909,9
235,6.71,6.66,0.75,0.068,A1Vn,15.827371145851505,0
236,9.37,6.64,8.01,0.51,F0,18.480840396840087,9
237,9.95,86.98,1.41,1.472,M2,24.647097016646583,9
238,6.88,10.35,0.81,0.174,A2,16.954701748964684,9
239,9.3,10.28,1.33,0.538,F3/F5V,19.35996557329629,0
240,8.3,3.18,1.04,0.998,G5,15.812135599922165,9
241,7.08,5.31,0.63,-0.006,B9,15.705472605407346,9
242,8.38,4.33,1.15,-0.06,B9V,16.56243948176683,0
243,4.61,25.38,1.05,1.029,K1III,16.63245808879343,1
244,8.78,1.29,1.02,1.156,K2III,14.332948551496244,1
245,7.71,5.05,0.64,1.093,K0III,16.226456890593308,1
246,6.91,6.75,1.03,1.12,G5,16.056518864155123,9
247,9.9,2.61,1.46,0.599,F8,16.983202536691405,9
248,7.39,4.76,0.99,0.99,K0III,15.778034763602466,1
249,6.97,3.07,0.93,1.444,K5,14.405691877385934,9
250,7.86,11.04,0.91,0.494,F8,18.0748453669659,9
251,6.99,4.25,0.78,1.187,K0III,15.131944650251558,1
252,8.36,7.0,1.01,0.247,A0,17.585490200071284,9
253,8.22,21.03,1.06,0.636,G0,19.83419636343161,9
254,5.55,8.75,0.8,0.901,G5III,15.260040265111568,1
255,9.91,5.59,1.7,0.353,A9/F0V,18.647059039432115,0
256,10.07,1.32,1.52,0.923,G5,15.672869656029247,9
257,10.15,7.28,1.45,0.677,G5,19.460656896565187,9
258,7.75,5.95,1.68,0.414,F2+...,16.622584828642747,9
259,9.66,-0.26,1.41,0.787,G5V,11.734866739854091,0
260,9.99,7.92,1.61,0.646,G5/G6V,19.48362590794747,0
261,7.51,24.85,0.92,0.595,G0V,19.486631965346756,0
262,9.57,6.5,1.46,0.51,G0,18.63456678321428,9
263,9.71,0.87,1.53,0.915,G8IV/V,14.407596263093094,1
264,6.65,3.28,0.85,0.912,G5,14.229369218558396,9
265,9.82,5.66,1.65,0.418,F2V,18.58408215594136,0
266,5.98,49.3,1.05,0.687,G5V,19.44423459638615,0
267,7.6,2.35,1.15,1.539,M...,14.45533931135868,9
268,12.17,56.92,2.73,1.55,M4,25.94632445706123,9
269,10.13,4.69,1.62,0.593,F8,18.485864213575415,9
270,5.57,3.32,0.54,-0.023,B9III,13.175690418520182,1
271,9.85,4.6,1.18,0.526,F6V,18.16378915840787,0
272,9.76,2.9,1.34,1.39,M6e,17.07198998949478,9
273,9.35,3.91,1.56,0.41,F2V,17.310883786979332,0
274,10.95,13.26,2.41,1.008,K1,21.56271762034377,9
275,6.68,5.13,0.79,0.986,G9III,15.23058682555908,1
276,9.69,10.02,3.4,0.578,F6V,19.69433860765613,0
277,6.07,72.98,0.75,0.752,K0V,20.38601929514315,0
278,9.74,4.82,1.5,0.494,F8,18.15523519119425,9
279,8.03,1.65,0.76,1.631,K5p...,14.117419721069531,9
280,6.19,25.59,0.75,0.386,F2IV,18.230351429435927,1
281,10.18,0.77,1.61,0.58,F5V,14.61245362586241,0
282,10.41,2.89,1.9,0.51,B8,17.71448921378274,9
283,7.44,7.12,0.92,0.203,A5,16.70239996818428,9
284,10.52,6.74,2.27,0.512,G0,19.6632994826766,9
285,9.31,6.51,1.2,0.226,A9V,18.37790494284096,0
286,10.28,6.34,2.0,0.503,F3V,19.290446289408663,0
287,7.56,11.92,0.61,0.419,F5IV-V,17.941381277021087,1
288,7.88,4.23,0.74,0.407,F2,16.01170183687521,9
289,6.2,6.24,0.85,0.133,A2IV/V,15.175922948412122,1
290,7.06,20.63,0.91,0.463,F5V,18.63249613986576,0
291,8.5,10.08,0.93,0.451,F5,18.51730266054753,9
292,6.87,6.05,0.77,1.124,G5,15.778776873262345,9
293,7.5,2.5,0.69,1.703,M1III,14.489700043360187,1
294,5.93,12.45,0.74,0.141,A1V,16.405846757158777,0
295,9.86,4.43,1.32,0.244,A2,18.092018631115348,9
296,9.08,11.55,1.4,0.595,G0,19.392909921140816,9
297,7.58,3.64,0.94,1.271,K1IV,15.38550691824528,1
298,7.85,10.66,0.99,0.505,F5V,17.988786023452768,0
299,7.18,8.95,0.6,0.156,A3V,16.93911517657956,0
300,7.54,3.83,0.93,0.408,F2,15.455993869843114,9
301,9.72,6.43,1.39,0.434,F3/F5V,18.76105486462111,0
302,7.12,8.19,0.74,0.184,A5,16.686419508802093,9
303,7.27,4.9,0.76,0.207,A3,15.720980400142569,9
304,10.0,4.93,1.47,0.55,G0,18.46423459638615,9
305,10.26,7.53,1.63,0.73,G0,19.6439748810035,9
306,8.81,3.75,1.19,0.31,A2,16.680156338638596,9
307,5.99,9.79,0.92,1.034,G8III:,15.943913459015688,1
308,8.0,2.84,1.05,1.193,G5,15.266591700235187,9
309,9.4,10.7,1.27,0.57,G0,19.54691888842605,9
310,2.07,33.6,0.73,-0.038,B9p,14.70169638694922,9
311,9.43,1.52,1.51,0.47,F2V,15.339217939723865,0
312,10.73,45.64,1.92,1.46,M0,24.026728178730885,9
313,6.41,2.17,0.63,0.998,G3II,13.092298669242648,1
314,6.21,30.26,0.69,0.504,F8IV,18.61434461843584,1
315,7.81,8.58,0.86,0.481,F5IV,17.477436439243526,1
316,7.43,11.61,1.01,0.296,F0,17.75416109869287,9
317,7.72,18.22,0.95,0.62,G0V,19.022741863184898,0
318,11.65,22.5,2.96,1.26,M1,23.41091259055681,9
319,10.37,3.89,1.6,0.432,F2,18.319748006628537,9
320,2.28,59.89,0.56,0.38,F2III-IV,16.166771565421048,1
321,9.25,5.87,1.08,0.537,G0,18.093190506238077,9
322,9.89,6.48,1.77,0.617,F8,18.947875029352968,9
323,9.33,17.75,1.21,0.812,G0,20.57599178695556,9
324,7.07,19.28,0.79,0.644,G2III,18.49553514783406,1
325,6.01,8.56,1.17,0.203,A7IV,15.672368823385764,1
326,5.42,14.57,1.34,0.414,F3V,16.237297758849948,0
327,9.11,11.89,1.31,0.83,G8/K0V,19.48590927309345,0
328,3.88,23.28,0.98,1.013,K0III,15.714914879889252,1
329,8.92,8.17,1.89,0.499,F5V,18.48111028266208,0
330,10.05,0.16,1.39,0.486,F8,11.070599913279624,9
331,6.34,7.37,0.57,0.164,A6V,15.677337439295258,0
332,6.84,2.68,1.06,1.611,K2,13.980673970143943,9
333,5.54,10.04,0.86,-0.064,B9V,15.548668564045002,0
334,5.29,13.45,0.5,1.049,K1/K2III,15.933611421692136,1
335,10.65,10.83,2.1,1.077,K8,20.8231422831266,9
336,8.71,3.6,1.01,0.594,F0,16.49151250383644,9
337,9.47,6.1,1.56,0.526,F7V,18.39664917505384,0
338,5.84,18.18,0.92,0.973,K1III,17.137969394429742,1
339,5.01,3.24,0.68,0.405,F2II,12.56272505103306,1
340,9.81,3.85,1.39,0.437,F3V,17.737303647542504,0
341,9.49,4.92,3.74,1.232,K2III:,17.9498255138368,1
342,6.74,6.52,0.73,-0.074,B7IV,15.811237978659602,1
343,6.7,1.66,0.61,-0.017,B1V,12.800540440200276,0
344,6.66,15.06,0.7,0.372,F3/F5IV+...,17.54912485932341,1
345,8.07,2.95,0.8,-0.015,B9,15.419110079890816,9
346,10.86,39.19,2.29,1.418,M2,23.82587631739051,9
347,10.75,4.01,2.07,0.863,K0,18.76572186310091,9
348,4.89,52.94,0.77,0.487,F5V,18.508919684826648,0
349,7.15,6.06,0.67,1.004,K0,16.062363120831428,9
350,9.92,29.15,1.54,1.071,K5V,22.243192795475164,0
351,5.24,45.85,0.66,0.459,F3/F5V,18.546696700030203,0
352,9.02,16.48,1.49,0.599,G3V,20.10478603680549,0
353,7.32,1.99,0.98,0.038,A0,13.814265382048532,9
354,6.58,6.88,0.76,0.99,K0III,15.767942191177555,1
355,9.12,4.88,1.22,0.479,F8,17.562099110013552,9
356,10.58,8.64,1.94,0.6,G0,20.26256871239447,9
357,7.22,1.73,0.6,0.054,B9.5IV,13.410230515643978,1
358,7.01,5.28,0.8,1.106,K0,15.62316961266906,9
359,10.72,4.48,2.09,0.565,F8,18.97639006999072,9
360,6.63,18.06,0.76,0.402,F2,17.913588729887433,9
361,10.51,5.93,1.93,0.57,G0,19.375273466821312,9
362,10.74,27.5,1.94,1.308,K5,22.936663469151316,9
363,9.94,5.79,1.76,0.626,G0V,18.75339281863718,0
364,11.44,1.56,3.02,1.2,M0V:,17.405622991772308,0
365,6.52,7.17,0.78,1.05,K1III,15.797595778339,1
366,10.01,2.43,2.22,0.856,G0,16.93803136799156,9
367,12.49,37.3,6.34,1.4,M6,25.34854415904344,9
368,5.94,3.22,0.83,1.548,K5III,13.479279358479154,1
369,6.79,2.79,0.81,1.257,K0,14.018021016367989,9
370,7.0,9.36,0.88,0.534,F7IV,16.856379243690526,1
371,10.2,2.39,2.31,0.794,G5,17.09198950474069,9
372,10.17,2.69,1.46,0.472,F3IV/V,17.31876140001204,1
373,9.54,0.5,1.48,1.071,K2,13.034850021680093,9
374,6.95,12.17,0.82,0.494,F5V,17.376452891150326,0
375,4.79,10.01,0.77,1.572,M2III,14.792170387396592,1
376,7.03,11.81,0.82,0.461,F5,17.391249488067576,9
377,4.44,6.62,0.82,1.64,M1III,13.5442899471985,1
378,10.04,13.96,1.97,0.84,F5,20.76442709143571,9
379,5.77,9.4,0.78,-0.084,B9V,15.635639267998494,0
380,6.64,4.57,0.91,1.499,M0,14.939581000349254,9
381,6.02,12.47,1.28,0.312,F0IV,16.499332267392713,1
382,7.67,1.8,1.0,-0.086,B9,13.94636252551653,9
383,10.36,12.24,2.14,0.89,K3,20.79890708904771,9
384,6.76,4.05,0.76,-0.046,B9,14.797275116073342,9
385,10.83,1.85,1.98,0.392,B8,17.165858642015067,9
386,11.58,41.32,3.89,1.647,M5,24.660801564237914,9
387,5.66,7.64,0.83,1.35,K2III,15.07546679287845,1
388,11.79,49.91,21.56,1.485,M:,25.28093784933061,9
389,6.12,10.75,0.98,0.068,A2V,16.277042321258122,0
390,11.06,21.82,2.32,1.258,K5,22.754273731261616,9
391,9.75,4.55,1.49,0.45,F3V,18.04005698328556,0
392,12.38,44.82,3.44,1.53,M4,25.63735926099521,9
393,9.51,1.53,1.48,1.09,K0,15.433457154087996,9
394,6.67,5.89,0.85,1.077,K0III,15.520576473935508,1
395,6.51,0.95,0.92,1.864,M2III:,11.39861802644424,1
396,6.78,9.06,0.56,0.451,F3III,16.565640988384065,1
397,5.74,5.08,0.58,0.898,G8III,14.269318561419595,1
398,9.36,8.04,2.38,0.463,G0,18.886280243742256,9
399,11.54,42.65,2.77,1.505,M:,24.689595177517702,9
400,11.36,24.12,2.91,1.22,K7,23.27188651734057,9
401,11.3,22.54,2.33,1.4,M1,23.06476955855044,9
402,9.28,0.84,1.12,1.6,N0v,13.901396430309408,9
403,10.99,28.38,2.31,1.414,M0,23.255061955607275,9
404,9.38,2.64,1.36,1.111,K0,16.488019634349158,9
405,12.22,4.74,3.94,0.717,K7,20.598891708370427,9
406,6.54,7.14,0.82,0.97,G8II,15.808491058880872,1
407,10.88,61.67,2.2,1.479,M0,24.830369742131523,9
408,4.51,23.11,0.68,0.054,A2V,16.328999727395548,0
409,5.88,6.0,0.77,-0.014,A0IV,14.770756251918218,1
410,9.68,6.87,1.5,0.455,F2IV/V,18.864783685297752,1
411,7.14,8.99,0.84,0.885,G8IV,16.908798458666144,1
412,6.1,4.71,0.78,-0.074,B8V,14.46510453564448,0
413,11.61,0.37,2.82,0.235,B8,14.451008620334974,9
414,10.38,3.94,2.0,0.65,F8,18.35748110912787,9
415,10.12,0.74,1.99,0.858,G5,14.46615859865488,9
416,3.56,11.26,0.73,1.214,K2III,13.817691952576638,1
417,4.23,116.38,0.64,0.576,F9V,19.55939176428696,0
418,10.48,3.11,1.79,0.52,F5,17.94380194513419,9
419,9.78,2.99,1.34,0.487,F0,17.158355941622148,9
420,5.38,8.26,0.81,1.343,K3III,14.96490023660191,1
421,5.5,10.65,0.51,-0.046,B9V,15.636748038873783,0
422,10.98,12.88,2.37,1.013,K3V,21.52957931511897,0
423,6.57,5.22,1.22,0.056,A0V,15.15835251501131,0
424,6.92,12.42,0.93,1.036,K0,17.390607979202805,9
425,10.06,18.33,1.49,0.96,K3,21.375812324811086,9
426,5.96,4.68,0.53,1.397,K3III,14.31122926537062,1
427,5.18,10.5,0.87,1.006,K0III,15.285946495349693,1
428,12.21,50.1,3.98,1.537,M6,25.709188629336232,9
429,10.91,1.87,2.05,0.45,B...,17.269208032682496,9
430,11.16,54.91,2.19,1.485,M2V:,24.85825721854689,0
431,11.21,20.26,2.65,1.47,M1Vvar,22.74319720512131,0
432,11.19,14.45,1.97,1.28,M0,21.989339235462836,9
433,7.3,7.4,0.75,0.035,A0V,16.646158598654882,0
434,10.54,3.7,1.9,0.45,F5,18.38100862033497,9
435,7.16,2.91,0.76,0.874,G5,14.479464944929536,9
436,6.75,13.13,0.73,0.371,F2IV,17.341323630447395,1
437,6.39,49.05,0.91,0.659,G3V,19.84319505857984,0
438,10.11,2.06,1.21,0.237,A3m...,16.679336101845767,9
439,10.93,-1.14,2.01,0.52,F2,16.214524256682363,9
440,11.87,47.4,2.63,1.516,M:,25.248891708370422,9
441,11.07,16.56,4.3,1.312,K7,22.165301662244307,9
442,11.31,50.71,2.72,1.462,K,24.835468052739365,9
443,8.04,7.19,1.02,0.496,F8,17.32364445191441,9
444,7.35,8.14,1.17,0.134,A0,16.903122024446006,9
445,10.71,-0.06,6.49,2.08,"S6,6ev",9.600756251918218,9
446,11.33,21.59,2.22,1.39,M1,23.001263211671155,9
447,6.08,6.03,0.79,1.216,K1III,14.981586560700755,1
448,6.48,6.09,0.84,1.161,K0,15.403086463164378,9
449,10.39,2.66,1.65,0.571,G0,17.514408183155336,9
450,10.5,2.14,1.73,0.408,F2,17.152068866745957,9
451,5.72,6.17,0.71,-0.056,B9IV,14.671425820166206,1
452,2.82,133.78,0.51,0.618,G2IV,18.451955958083072,1
453,3.93,42.51,0.69,0.175,A7V,17.072455524835615,0
454,2.4,42.14,0.78,1.083,K0III...,15.523472656360406,1
455,10.08,4.62,1.68,0.407,F2V,18.403209877780625,0
456,6.16,6.71,1.23,0.893,G8III,15.29361260084496,1
457,10.14,5.49,1.72,0.52,F5V,18.83786172225046,0
458,6.44,7.7,0.71,0.23,A5,15.87245362586241,9
459,6.4,6.12,0.79,0.99,K0,15.333757110727806,9
460,6.05,2.93,0.72,1.58,K5III,13.384338101770547,1
461,11.37,17.58,1.75,1.153,K:,22.595094353688765,9
462,11.01,1.45,2.61,0.504,K,16.816840011174875,9
463,6.15,23.62,0.87,0.388,F2/F3V,18.016399466387483,0
464,5.2,17.62,0.86,0.271,A7III,16.430029520380145,1
465,5.17,18.08,0.9,0.128,A3V,16.45599213069672,0
466,10.9,0.82,1.83,0.469,B6III-IV,15.469069261918584,1
467,12.25,11.25,4.75,1.41,M3V:,22.505762612236907,0
468,12.07,8.45,3.97,1.343,K7,21.704283544748463,9
469,10.69,14.69,1.82,0.9,K0,21.52510897895128,9
470,4.76,18.97,0.64,0.018,A0V,16.15033665444331,0
471,4.36,23.35,0.52,-0.064,B9V,16.201434424510655,0
472,4.53,18.95,4.35,0.147,A2V,15.918046071520454,0
473,12.41,-0.72,3.07,-0.279,B,16.69666248215634,9
474,9.65,6.91,2.68,1.609,M0,18.847390236870996,9
475,5.69,12.36,0.8,-0.014,B9.5V,16.150092353763988,0
476,10.27,98.74,3.37,1.52,M2.5Ve,25.24246561441756,0
477,6.72,8.31,0.9,1.176,K0/K1III,16.318005118920556,1
478,5.07,21.52,0.49,0.038,A0V,16.734211334971757,0
479,4.17,0.79,0.52,0.13,B1Ia,8.658135456452207,1
480,10.94,29.26,2.16,1.311,M0,23.27137160894646,9
481,11.42,2.7,2.63,0.635,F2.2:,18.576818820794937,9
482,5.51,27.61,0.77,0.461,F6V,17.71533203319631,0
483,6.06,20.12,0.91,0.297,A5m...,17.578139881919448,9
484,5.08,6.45,0.63,-0.098,B7III,14.12779857317634,1
485,5.14,4.97,0.78,1.587,K5III,13.621781943666662,1
486,3.69,5.46,0.61,-0.196,B2IV,12.375963213523686,1
487,10.09,2.01,0.94,0.349,F0V,16.605980287102444,0
488,5.45,3.19,0.77,0.886,G5III,12.968953415285906,1
489,11.0,17.84,2.32,1.13,K5,22.25697425020052,9
490,10.79,8.42,2.51,0.838,G5,20.41656045749825,9
491,3.27,32.19,0.68,1.268,K3III...,15.808604883428066,1
492,5.36,7.94,0.79,1.16,F3V...,14.859102512135482,0
493,11.41,43.64,2.59,1.476,M4,24.60942370958152,9
494,2.24,14.27,0.57,1.17,K0II-IIIvar,13.012119865573236,1
495,11.27,6.68,2.25,0.49,sdG8,20.393882312377727,9
496,5.3,9.47,0.81,0.891,G8III,15.181749895016369,1
497,10.84,22.95,3.02,1.27,K7,22.6439134493664,9
498,4.59,13.19,0.67,0.953,G8III,15.191223977731829,1
499,10.67,30.07,4.42,1.176,K5,23.060667140502588,9
500,11.64,18.85,3.22,1.36,M2,23.01655677270906,9
501,10.7,18.72,1.86,1.597,K7,22.06152922201043,9
502,4.8,2.94,0.73,-0.105,B2.5V,12.141736652060786,0
503,10.45,3.23,1.83,0.293,A2,17.996012611655516,9
504,12.2,10.24,3.34,0.95,M,22.25149978319906,9
505,11.17,18.35,4.1,1.24,K7,22.488180342940534,9
506,7.28,0.44,0.75,0.637,A1Ia,10.497263382430935,1
507,4.95,18.71,0.73,0.17,A5V,16.310368937500048,0
508,2.04,34.04,0.82,1.019,K0III,14.699947757062752,1
509,4.77,15.54,0.82,0.998,K0IIIvar,15.727255072324477,1
510,5.22,35.92,0.69,0.35,F0V,17.996681639976334,0
511,11.91,25.97,2.73,1.48,M3,23.982359748146514,9
512,5.64,11.24,0.55,0.078,A2IV,15.89383155616521,1
513,6.03,7.21,0.74,-0.063,B9.5IIIMNp.,15.319676323597148,1
514,5.49,9.78,0.71,0.978,G8/K0III,15.441694273938008,1
515,4.08,17.98,0.83,1.1,K1II,15.35394843698605,1
516,10.31,4.65,1.96,-0.241,A,18.647264764449773,9
517,11.73,20.55,3.61,1.4,M0,23.29405913106044,9
518,10.64,4.37,1.99,0.63,F8,18.84240718485211,9
519,5.09,15.94,0.48,1.345,K5III,16.10244158530047,1
520,4.9,8.37,0.76,-0.091,B9III,14.5136272899663,1
521,10.33,-0.22,1.32,-0.11,B5,12.042113404111031,9
522,6.27,3.8,0.85,0.132,A3IV,14.16891798308405,1
523,6.13,11.01,0.76,0.043,A0p...,16.338936594858758,9
524,10.56,2.3,1.77,0.499,F5,17.368639180087964,9
525,11.48,-3.55,1.97,0.069,B5,19.23114176527547,9
526,11.68,16.8,6.82,1.601,K7,22.80654640862932,9
527,10.49,10.16,1.23,0.817,K0,20.5244685397395,9
528,12.13,-2.8,4.37,0.64,Gp...,19.365790156711096,9
529,5.73,5.32,0.56,1.574,M4III,14.359558161475242,1
530,5.46,25.69,1.29,1.012,K1IV,17.50882052133173,1
531,4.83,8.02,0.65,1.216,K2III,14.350871841420815,1
532,11.99,1.48,2.27,0.206,B,17.84130857697479,9
533,3.86,23.93,1.22,0.13,A5V,15.754713493067188,0
534,4.4,13.44,0.75,0.94,G8III-IV,15.041996343589032,1
535,10.77,34.4,1.91,1.3,M0,23.45279221285765,9
536,5.44,4.63,0.74,1.076,G6III,13.767904955089763,1
537,6.23,5.85,0.56,0.096,Am,15.065779330410903,9
538,5.97,8.67,0.6,-0.008,A0III,15.660095487381051,1
539,4.3,4.85,0.84,-0.154,B7IIIp,12.728708693011315,1
540,11.94,-7.16,5.9,1.5,M2e-M4,21.21456511153928,9
541,10.59,3.76,1.5,0.73,G5,18.465939224638305,9
542,12.63,11.17,3.61,-0.241,B,22.870265865578048,9
543,5.39,13.86,0.61,0.9,G8III,16.09881615137894,1
544,5.95,9.49,0.86,0.161,A5m,15.836331062136464,9
545,4.27,17.14,0.81,0.952,K0III,15.440054087935897,1
546,5.4,7.95,0.86,1.106,K0III-IV,14.901835643282352,1
547,12.06,9.3,3.7,-0.242,B,21.90241474276968,9
548,11.23,10.74,2.25,1.106,K4.5,21.385021406817685,9
549,5.33,13.67,1.47,0.003,A1Vn,16.00884257283911,0
550,12.09,0.35,3.21,0.526,A7,14.810340221751378,9
551,3.32,16.46,22.22,0.885,G8IIIvar,14.402149154381256,1
552,11.45,45.24,2.56,1.473,M3,24.72761298126709,9
553,11.43,20.54,1.5,1.54,M0,22.993002196306296,9
554,3.94,11.66,0.77,-0.12,B6V + B0V,14.273492752114976,0
555,11.52,9.63,5.21,0.88,K:,21.438131435622672,9
556,12.23,1.08,3.12,-0.23,DA:,17.39711877743475,9
557,4.24,10.43,0.5,1.213,K2II-III,14.331421542132654,1
558,10.96,0.19,1.49,-0.049,B2.5Iab:,12.353768004764143,1
559,11.38,26.61,3.57,1.435,M0,23.505224372756945,9
560,5.32,10.26,0.57,-0.014,A0Vnn,15.375736803878988,0
561,5.15,5.82,0.78,0.261,F0V,13.974614923249444,0
562,4.66,7.42,0.68,1.024,K0III,14.012019526395136,1
563,5.6,11.98,0.52,0.008,A3V,15.992284090266464,0
564,11.35,18.76,2.72,1.22,K7V:,22.71616417021523,0
565,11.95,15.18,3.07,1.106,K7V:,22.856358857797307,0
566,10.29,1.89,1.67,0.55,F8,16.67230902086622,9
567,10.89,-0.6,2.04,1.38,F8,14.78075625191822,9
568,4.97,66.43,0.64,0.571,F8V,19.081821262207747,0
569,11.66,-3.41,3.02,1.382,K7,19.32377189496249,9
570,4.25,48.94,0.53,0.48,F6IV,17.69831982507885,1
571,11.46,12.64,2.93,1.098,K7,21.96873536973183,9
572,11.02,65.3,14.87,1.478,M2V:,25.09456590637537,0
573,11.05,0.88,1.74,0.751,B,15.772413360750845,9
574,6.29,2.13,0.78,1.357,K0,12.931898017193689,9
575,11.78,45.22,3.65,1.44,M,25.056652790046705,9
576,12.15,14.8,4.83,1.387,K7V:,23.001308576974782,0
577,6.37,13.04,0.54,0.283,F0IVn,16.946387956979507,1
578,4.87,16.68,0.7,1.077,K0III-IV,15.9809802315086,1
579,11.1,17.59,2.51,1.18,K7V:,22.326329197287308,0
580,3.6,28.48,0.77,1.065,K0III,15.872699924824092,1
581,12.26,19.48,4.65,0.994,K7,23.707944762712984,9
582,2.66,32.81,0.62,0.16,A5Vv SB,15.24003115193024,0
583,11.96,21.25,7.75,1.365,K7V:,23.59679467193165,0
584,11.22,12.15,2.85,1.155,K7,21.642881389671658,9
585,3.41,13.94,0.64,1.542,K5II-III,14.131313868809954,1
586,5.11,14.72,0.78,0.028,A0V,15.949539050007402,0
587,4.84,9.05,0.73,1.372,K4III,14.623242896026015,1
588,11.12,2.98,2.24,0.739,G5,18.49108132038128,9
589,5.82,34.19,0.57,0.489,F6V,18.48949550398297,0
590,3.62,11.09,0.82,0.974,G8III,13.8446577307458,1
591,5.75,33.71,0.72,0.639,G2IV,18.388793762604863,1
592,4.68,15.96,0.68,0.991,K0III,15.695164435073554,1
593,11.82,10.33,4.37,1.305,K7V:,21.890501607598104,0
594,4.1,74.25,0.72,0.536,F8V,18.45348228994625,0
595,0.45,22.68,0.57,-0.158,B3Vp,12.228215251104343,0
596,11.6,52.95,2.92,1.496,K:,25.21932982221752,9
597,5.28,7.3,0.7,0.972,G8II-IIIvar,14.59661430060228,1
598,5.76,122.75,1.41,0.88,K0V,21.20510750397503,0
599,4.96,4.79,0.74,-0.068,B8III,13.361677567072816,1
600,4.45,8.86,0.77,1.347,K3III,14.187168609435254,1
601,5.25,15.02,0.72,1.044,K1II/III,16.133349663340745,1
602,5.52,57.63,0.64,0.551,F8V,19.323243097906783,0
603,11.13,15.11,2.17,1.183,K7V:,22.02632232169513,0
604,10.87,5.38,2.46,0.915,K0,19.523911378331945,9
605,11.39,5.56,2.07,-0.052,F2,20.11537395791029,9
606,11.75,0.34,2.83,1.22,Gp,14.407394585211277,9
607,12.24,48.23,4.35,1.695,M2,25.656586309609413,9
608,5.91,9.95,0.89,0.97,G9III,15.899115403728628,1
609,3.74,12.59,0.85,1.136,K2III,14.240128650539312,1
610,12.44,63.08,3.79,0.17,DAs,26.439458423284325,9
611,3.42,50.87,0.82,0.488,F6IV,16.952308688156773,1
612,4.39,10.15,0.6,1.597,M4III SB,14.42233021124616,1
613,5.12,10.55,0.69,-0.06,A3V,15.236262298168558,0
614,3.35,7.38,0.57,-0.15,B2pvar,12.690281809115207,9
615,2.64,54.74,0.75,0.165,A5V...,16.331523965370526,0
616,4.92,8.18,0.85,1.434,K3III,14.483766518356616,1
617,4.82,12.22,0.59,0.864,G8III,15.255356029532678,1
618,2.86,45.74,0.55,0.29,F0V,16.161480801353648,0
619,3.99,10.84,0.79,1.554,K5/M0III,14.16514641101184,1
620,5.34,11.71,0.73,0.883,G8III,15.682784475361814,1
621,4.49,27.91,0.56,0.164,A3IV,16.718799182443156,1
622,3.82,23.45,1.06,0.024,A2,15.670714235255511,9
623,11.86,23.48,3.58,1.376,K7,23.71349046287789,9
624,12.02,26.21,3.7,1.428,M1V:,24.112335104733003,0
625,5.03,17.4,0.88,0.121,A2m,16.232746241412997,9
626,2.01,49.48,0.99,1.151,K2III,15.482148454785415,1
627,3.0,26.24,0.77,0.14,A5III,15.094819153518111,1
628,11.89,7.89,3.55,1.257,M0V:,21.3753850160471,0
629,4.94,10.68,0.92,0.77,F5V comp SB,15.082856263462688,0
630,5.65,21.71,1.67,0.546,F8V,17.3332991172721,0
631,5.31,16.39,0.85,0.926,G8III:var,16.382894767852495,1
632,11.53,16.77,4.69,1.139,K7V:,22.652665313030425,0
633,10.53,8.07,2.18,0.71,G0,20.064367673610352,9
634,11.88,34.06,3.35,1.47,M2V:,24.541223218132917,0
635,11.15,21.18,2.22,1.29,K7,22.77962977885733,9
636,4.03,27.73,0.84,0.019,A1Vnn,16.24474934788931,0
637,11.81,10.03,3.8,1.273,K7,21.816504665102087,9
638,5.19,45.6,0.82,0.608,G2V,18.484824213322177,0
639,5.48,5.41,1.04,-0.098,B7IV,14.145986325532848,1
640,11.63,14.6,3.31,1.163,K7,22.451764278922184,9
641,4.73,9.46,0.7,1.532,K4III,14.609455682008964,1
642,11.72,14.83,2.93,1.198,K7V:,22.57570575514191,0
643,12.0,37.55,3.25,1.5,M4,24.873049706700936,9
644,4.46,23.04,0.8,0.153,A5p Sr,16.272412373755873,9
645,12.79,41.15,4.96,-0.056,DA,25.86184919774144,9
646,11.76,1.68,4.25,0.49,B6V,17.886546408629314,0
647,11.67,5.23,3.26,0.9,Gp,20.26250844433637,9
648,12.55,15.29,3.35,0.556,G0,23.4720374270616,9
649,4.12,21.27,0.5,-0.061,B9III,15.758837449513646,1
650,4.11,22.42,0.57,1.006,K0III,15.863178041294772,1
651,4.91,40.52,1.25,0.582,F9V,17.948347183441214,0
652,5.85,7.9,0.73,1.125,K0II-III,15.338135456452209,1
653,3.47,39.78,0.95,0.093,A3V,16.46832389394208,0
654,11.47,4.16,3.37,0.526,K:,19.565466653133715,9
655,4.65,8.82,1.78,-0.122,B3V,14.3773429256591,0
656,11.92,42.19,3.45,1.46,M2,25.04604762690941,9
657,4.47,71.56,0.76,0.481,F5/F6V,18.74335165947668,0
658,12.18,6.73,3.78,1.102,K7,21.320075321119884,9
659,11.34,-1.35,2.56,1.38,Gp,16.99166884247503,9
660,12.19,10.82,4.23,1.224,K7,22.361136303852756,9
661,3.61,20.45,0.79,-0.1,B8Vn,15.163466561716804,0
662,4.22,25.54,0.77,0.343,F2III,16.256104464636984,1
663,4.56,7.97,1.1,1.554,K5III,14.06729160698056,1
664,12.08,25.49,5.65,1.456,M1,24.111849177346336,9
665,11.97,9.12,4.24,1.185,K7,21.76997419164208,9
666,3.89,24.49,0.72,1.088,K1III-IV,15.83494392562357,1
667,5.1,8.43,0.9,-0.007,B9p...,14.729137873123712,9
668,2.88,20.22,0.54,0.128,A4III+...,14.408905756274912,1
669,4.63,11.15,1.48,0.048,A2Vs,14.866374336920895,0
670,4.71,7.69,0.76,-0.109,B6III,14.139631699007154,1
671,2.54,14.82,0.83,1.63,M2III,13.394241018216547,1
672,2.91,12.72,0.71,0.716,G8III+...,13.432435556561977,1
673,12.48,14.32,5.63,1.311,M0,23.259715089859185,9
674,2.09,35.14,0.9,-0.003,B8V,14.81900878579638,0
675,4.05,94.93,0.67,0.595,G0V,18.93701740436717,0
676,3.79,29.05,0.66,0.98,K0III,16.105730683631748,1
677,4.35,19.44,1.23,1.033,K2IIIvar,15.79348130295128,1
678,4.85,20.15,0.54,0.035,A2Vnn,16.37137525238564,0
679,3.8,70.86,0.67,0.543,F8V,18.05200573998579,0
680,11.9,24.82,4.1,1.44,K7V:,23.87400888581356,0
681,11.84,47.29,3.44,1.46,K:,25.21384657007713,9
682,3.7,12.63,0.89,1.614,M3/M4III,14.207016752776653,1
683,1.79,5.51,0.66,0.481,F5Ib,10.495757994258923,1
684,3.73,14.68,1.01,-0.082,B9Vn,14.56363027790026,0
685,4.21,0.76,0.89,0.419,B9Ia,8.614067961403958,1
686,12.16,16.1,3.74,1.288,K7,23.19412938015925,9
687,12.45,22.94,5.61,1.444,K7,24.252967067826244,9
688,4.32,4.66,0.73,-0.058,B5Ve,12.66192958345,0
689,4.29,72.89,0.78,0.575,F9V,18.60333975114294,0
690,4.57,14.88,0.55,1.023,K0III,15.433014656049298,1
691,12.27,8.87,4.26,0.683,K7,22.00961809915863,9
692,3.52,110.58,0.88,0.915,K0IV,18.73838292801359,1
693,3.84,32.71,0.46,1.133,K0IV SB,16.41340272062491,1
694,4.43,6.56,0.8,1.604,M1III,13.5145191968783,1
695,3.26,15.23,0.53,1.59,M2III,14.173499516680216,1
696,12.11,9.44,2.34,1.07,K0,21.984859971490344,9
697,12.28,5.03,5.59,1.22,K5,20.787839925279638,9
698,11.51,21.41,3.01,1.194,M0,23.16308333647219,9
699,4.64,8.46,0.75,-0.136,B5V,14.27685181519512,0
700,11.24,-3.67,3.69,1.78,M0,19.063330321260445,9
701,2.97,14.75,0.75,1.588,M1IIIb Ca-1,13.81396010157091,1
702,3.91,25.24,0.87,0.032,A1V,15.920446752860483,0
703,4.93,18.61,0.59,0.334,A9V,16.278731865653832,0
704,4.04,25.98,1.04,0.327,F2II-III,16.113195733685046,1
705,3.85,27.85,0.51,1.085,K1III,16.074125997548737,1
706,3.33,19.98,0.45,0.915,G7III,14.83297741944982,1
707,3.55,18.27,0.55,-0.108,B9V,14.858692736762688,0
708,4.6,10.25,0.87,0.043,A2V,14.653619326958864,0
709,3.65,21.17,1.17,0.981,G8III,15.27860429009706,1
710,3.97,11.95,0.59,1.468,K4III,14.356839526420783,1
711,4.28,21.07,0.8,0.263,A8Vn,15.8983226780405,0
712,3.53,21.04,0.82,1.014,K0III,15.145228677408506,1
713,3.4,21.89,0.83,0.179,A7III,15.10122880783966,1
714,5.02,20.33,0.84,0.215,A7V,16.560686893190194,0
715,3.3,18.56,0.46,-0.079,A0V:,14.642889859414217,0
716,3.81,15.62,0.63,0.957,G8III,14.778405147706408,1
717,0.87,50.09,0.95,1.538,K5III,14.36875515844757,1
718,3.19,124.6,0.95,0.484,F6V,18.66759021161576,0
719,3.68,2.59,0.8,-0.157,B2III SB,10.74649882040626,1
720,4.06,19.26,1.05,1.158,K2III,15.483281413942578,1
721,2.69,6.37,0.96,1.49,K3IIvar,11.710697161676752,1
722,11.98,23.98,2.39,1.41,O...,23.87924589381415,9
723,11.71,107.86,2.95,1.661,K:,26.87430207976072,9
724,3.18,14.87,0.74,-0.148,B3V,14.04155484260977,0
725,2.78,36.71,0.76,0.161,A3IIIvar,15.603921922519934,1
726,3.29,17.69,0.71,-0.11,B9IV: HgMn,14.528639164548617,1
727,0.18,4.22,0.81,-0.03,B8Ia,8.30656225480837,1
728,0.08,77.29,0.89,0.795,M1: comp,14.52061653648954,9
729,4.54,13.92,1.39,1.252,K3III...,15.258196176372715,1
730,4.7,7.11,0.67,-0.048,A0V,13.95934800364883,0
731,1.64,13.42,0.98,-0.224,B2III,12.278762579164868,1
732,1.65,24.89,0.88,-0.13,B7III,13.630124483042968,1
733,2.81,20.49,0.85,0.807,G5II,14.367709792005977,1
734,4.2,11.3,1.01,-0.143,B5V,14.4653922174171,0
735,2.25,3.56,0.83,-0.175,O9.5II,10.007249989864375,1
736,2.58,2.54,0.72,0.211,F0Ib,9.60416858309969,1
737,3.76,3.14,0.59,0.64,F6Ia,11.244648240366072,1
738,3.39,3.09,0.78,-0.16,O...,10.839792397124173,9
739,4.58,4.15,1.59,-0.183,B2III...,12.670240483560464,1
740,4.09,28.1,0.91,0.951,G8III-IV,16.3335315995254,1
741,2.65,12.16,0.6,-0.12,B7IV,13.074667874683582,1
742,1.74,3.99,0.79,-0.199,O9.5Ib SB,9.744864478433742,1
743,3.12,37.94,0.57,1.146,K1.5III,16.015486632763217,1
744,1.9,39.72,0.78,0.077,A2V,14.895046199116718,0
745,4.16,21.64,1.06,0.835,G7III,15.836286282172658,1
746,12.14,34.18,2.51,1.458,K,24.808860291923597,9
747,3.31,9.34,1.99,1.6,M3III,13.161734381150469,1
748,3.02,9.7,0.58,-0.16,B2.5V,12.953858671331224,0
749,1.98,6.53,0.66,-0.24,B1II/III,11.05456590637537,1
750,2.87,14.07,0.93,1.621,M3IIIvar,13.61147048717373,1
751,12.85,-13.81,18.84,1.2,K2III...,23.55096839289316,1
752,12.56,5.12,9.92,0.396,F2V,21.106349804879155,0
753,1.93,31.12,2.33,0.001,A0IV,14.395197941588258,1
754,3.17,7.71,0.52,-0.103,B8III SB,12.605271890254786,1
755,3.06,3.61,0.91,1.377,A3mA6-A9,10.84753600952829,9
756,3.24,32.96,2.14,0.225,A7IV,15.829936015125393,1
757,3.5,4.13,0.5,-0.116,B1.5IVne,11.579750258282006,1
758,4.41,5.9,0.51,0.899,G6II,13.264260058210722,1
759,2.94,17.85,0.49,1.207,K0III...,14.19819110224106,1
760,1.5,7.57,0.57,-0.211,B2II,10.895479397500363,1
761,3.78,23.02,0.69,1.006,G8IIIvar,15.590526596468864,1
762,11.85,-4.0,3.96,0.476,A:,19.86029995663981,9
763,4.15,8.7,0.77,-0.005,A2V,13.847596263093092,0
764,3.58,34.59,0.93,0.106,A3V...,16.27475281007181,0
765,2.45,1.02,0.57,-0.083,B5Ia,7.493000858809588,1
766,2.89,19.16,0.85,-0.097,B8Vvar,14.301977523712626,0
767,4.33,8.2,0.93,1.425,K3III SB,13.899069261918584,1
768,1.58,63.27,1.23,0.034,A2Vm,15.585989172295744,0
769,3.57,22.73,0.83,0.932,G8III,15.352997178624854,1
770,1.16,96.74,0.87,0.991,K0IIIvar,16.088030415262182,1
771,11.5,34.35,2.85,1.38,M1,24.17963370697785,9
772,3.34,2.42,0.74,1.218,G6Ia,10.259076829902156,1
773,12.52,-0.24,10.14,2.564,Ce+...,14.42105620855803,9
774,2.21,2.33,0.51,-0.269,O5IAf,9.046779605130094,1
775,1.86,5.16,0.49,1.196,K3III+B2V,10.423248508136057,0
776,4.31,2.31,0.46,-0.117,B1.5III,11.128059899460723,1
777,3.38,24.13,1.29,0.685,G0III-IV,15.292786609543931,1
778,4.02,15.63,0.58,1.272,K3III,14.989794890095933,1
779,12.33,9.07,4.91,0.838,K0,22.118036435300475,9
780,2.23,5.69,0.53,1.665,K4Ib-II,11.005561331975358,1
781,3.43,7.79,0.47,-0.19,B2IV,12.887687288362825,1
782,1.67,29.34,0.47,0.07,A2IV,14.00730054753632,1
783,11.93,2.27,1.84,-0.202,B2,18.71012928596561,9
784,1.99,18.4,0.78,1.44,K3III,13.314089115047684,1
785,11.7,21.37,2.38,1.1,M0,23.34902261082035,9
786,3.16,13.72,0.51,1.538,K5III,13.846770556853665,1
787,3.9,11.83,0.8,1.313,K3IIIvar,14.264923723139653,1
788,1.36,42.09,0.79,-0.087,B7V,14.480894628740112,0
789,3.45,24.27,0.79,0.029,A2IV,15.375348881659676,1
790,3.83,13.14,0.79,1.456,K4III,14.42297682611881,1
791,2.74,7.43,0.5,-0.22,B0Vp,12.094944068802876,0
792,2.34,41.07,0.6,0.033,A1V,15.407623514268264,0
793,1.81,26.38,0.53,1.061,F7V comp,13.916373956051734,0
794,2.56,56.52,0.83,0.128,A4V,16.321010765882605,0
795,12.4,38.8,4.85,1.4,M,25.34415862797104,9
796,3.54,25.23,0.83,0.947,G8III,15.549586252587872,1
797,11.59,23.21,2.28,1.36,M1,23.418375702279587,9
798,11.69,30.43,2.55,1.391,K5,24.106509761790832,9
799,3.63,25.42,0.54,0.16,A7III,15.655877731089948,1
800,2.14,90.16,0.89,0.09,A3Vvar,16.91506951519025,0
801,2.41,38.99,0.68,0.044,A0V SB,15.364766175939929,0
802,2.79,8.96,0.6,-0.193,B2IV,12.551540048310628,1
803,0.77,10.17,0.67,-0.243,B0.5IV,10.80660476461372,1
804,1.59,37.09,0.67,1.6,M4III,14.436284166643048,1
805,2.2,25.01,1.01,-0.023,A1IV,14.190568458652514,1
806,1.25,9.25,0.61,-0.238,B0.5III,11.080708663695162,1
807,1.76,40.3,0.62,-0.022,A0p,14.786525230705545,9
808,12.73,31.26,8.33,-0.115,A,25.20494486841584,9
809,2.99,24.69,0.7,0.92,G8III,14.952605449659664,1
810,12.03,55.48,39.3,1.47,M3,25.75068226200624,9
811,0.98,12.44,0.86,-0.235,B1V,11.454101901774,0
812,2.29,8.68,0.77,-0.171,B1III,11.98259862588246,1
813,1.85,32.39,0.74,-0.099,B3V SB,14.402054740050884,0
814,4.19,18.39,0.74,1.52,M5III,15.51290864619039,1
815,2.68,88.17,0.75,0.58,G0IV,17.406604203961376,1
816,2.55,8.48,0.74,-0.176,B2.5IV,12.191979261283567,1
817,0.61,6.21,0.56,-0.231,B1III,9.5754580008829,1
818,3.67,10.56,0.52,-0.049,A0III SB,13.788319590988968,1
819,2.06,53.52,0.79,1.011,K0IIIb,15.702580523798831,1
820,4.18,14.59,0.95,1.323,K3III,15.000276459467258,1
821,-0.05,88.85,0.74,1.239,K2IIIp,14.693287160706602,1
822,4.07,46.74,0.87,0.511,F7V,17.41844354028104,0
823,2.33,10.57,0.83,-0.157,B1Vn + A,12.45037493653713,0
824,13.61,-0.82,11.88,-0.042,A0,18.179069261918585,9
825,2.61,20.38,0.87,-0.071,B8V,14.156020898352038,0
826,3.22,6.39,0.86,-0.227,B1.5IV,12.247504290792,1
827,3.37,6.47,0.61,-0.191,B2IV-V,12.4245214033435,1
828,3.66,28.6,0.69,0.319,F0p,15.941830165645216,9
829,2.22,43.65,0.79,0.032,A0V,15.419921240207945,0
830,2.8,5.75,1.24,-0.216,B2IV,11.598339223448152,1
831,2.63,44.54,0.71,1.167,K2III,15.873751063490095,1
832,12.84,57.78,3.37,2.2,M:,26.64888768754089,9
833,3.23,30.34,0.79,0.966,G8III,15.64007788225356,1
834,1.06,5.4,1.68,1.865,M1Ib + B2.5V,9.721968799114844,0
835,3.92,20.04,0.65,-0.018,A0V,15.42948858597604,0
836,2.43,38.77,0.86,0.059,A2.5Va,15.372479005036048,0
837,2.7,6.29,0.81,-0.179,B2IV,11.693253227226345,1
838,1.62,4.64,0.9,-0.231,B1.5IV+...,9.952589902774406,1
839,2.08,69.84,0.88,0.155,A5III,16.300521153487566,1
840,2.98,33.94,0.87,0.981,K0III,15.633559189908285,1
841,3.1,21.87,0.92,1.582,M2III,14.799243915188187,1
842,2.72,10.67,0.93,1.38,K3III,12.86082209712235,1
843,0.03,128.93,0.55,-0.001,A0Vvar,15.58176991332001,0
844,2.05,14.54,0.88,-0.134,B2.5V,12.862822032615096,0
845,2.6,36.61,1.37,0.062,A3IV,15.417998644407657,1
846,3.07,32.54,0.46,0.99,G9III,15.6320877430042,1
847,12.29,10.44,3.44,2.0,M,22.38350249333121,9
848,3.36,65.05,0.81,0.319,F0IV,17.426236504488024,1
849,3.51,11.9,0.71,1.571,K5III,13.887734806962657,1
